Name,Screenshot,SN ID,Near the Ground
"Abajo Peak, Utah",https://flow-cdn.with.in/production/environment-scene/NL5O9og/2.png,2,
"Ahu Tongariki, Rapa Nui (Easter Island)",https://flow-cdn.with.in/production/environment-scene/Nq0NiIw/78.png,78,checked
"Alblittkopf Mountain, Austria",https://flow-cdn.with.in/production/environment-scene/NiNxSRA/100.png,100,checked
"Ameenpur, Telangana, India",https://flow-cdn.with.in/production/environment-scene/NysdlSQ/66.png,66,checked
"Aoraki / Mount Cook, Southern Alps, New Zealand",https://flow-cdn.with.in/production/environment-scene/NwInKiQ/142.png,142,
Arcadia,https://flow-cdn.with.in/production/environment-scene/N1dT3Rg/1.png,1,checked
"Atacama Desert, Chile",https://flow-cdn.with.in/production/environment-scene/Nz.r7xA/8.png,8,checked
"Auroa Point, New Zealand",https://flow-cdn.with.in/production/environment-scene/NsSMiwQ/106.png,106,checked
"Badwater Basin, Death Valley, California",https://flow-cdn.with.in/production/environment-scene/Nwo5aBw/54.png,54,checked
"Bell Park Pier, South Africa",https://flow-cdn.with.in/production/environment-scene/NolUZaw/33.png,33,checked
"Blue Lagoon, Iceland",https://flow-cdn.with.in/production/environment-scene/Nwv6dtA/31.png,31,
"Blue Lagoon, Iceland",https://flow-cdn.with.in/production/environment-scene/NjvgPKg/77.png,77,
"Cala Tuent Mallorca, Spain",https://flow-cdn.with.in/production/environment-scene/NQF09UQ/39.png,39,checked
"Cape of Good Hope, South Africa",https://flow-cdn.with.in/production/environment-scene/N1W-6eQ/41.png,41,
"Castle Hill, New Zealand",https://flow-cdn.with.in/production/environment-scene/NThnVEg/116.png,116,
"Cathedral Gorge, Australia",https://flow-cdn.with.in/production/environment-scene/NXI-Zig/98.png,98,checked
"Chichen Itza, Yucatán State, Mexico",https://flow-cdn.with.in/production/environment-scene/N8y0X4Q/61.png,61,checked
"Clear Lake, Oregon",https://flow-cdn.with.in/production/environment-scene/N.RHbnA/81.png,81,checked
"Col Du Lautaret, Hautes-Alpes, France",https://flow-cdn.with.in/production/environment-scene/N73Rf5A/50.png,50,checked
"Court of Amenhotep III, Luxor Temple, Egypt",https://flow-cdn.with.in/production/environment-scene/N1n4UPw/125.png,125,checked
"Craigieburn Range, Southern Alps, New Zealand",https://flow-cdn.with.in/production/environment-scene/N7CDd8g/139.png,139,
"Crater Lake, Oregon",https://flow-cdn.with.in/production/environment-scene/NjEWKSw/18.png,18,
"Crego Park Lake, Lansing, Michigan",https://flow-cdn.getsupernatural.com/production/environment-scene/NsOzumA/165.png,165,
Crysteria,https://flow-cdn.with.in/production/environment-scene/NOfTLaw/42.png,42,checked
"Dead Sea, Wadi Mujib, Jordan",https://flow-cdn.getsupernatural.com/production/environment-scene/NatbBgw/159.png,159,
"Dent de Crolles from La Pravouta, France",https://flow-cdn.with.in/production/environment-scene/NaTqB8w/155.png,155,
"Deryouk Plain, Iran",https://flow-cdn.with.in/production/environment-scene/NaM.fKw/103.png,103,checked
Endorin,https://flow-cdn.with.in/production/environment-scene/NwX4HnA/25.png,25,checked
"Erta Ale Volcano, Ethiopia",https://flow-cdn.with.in/production/environment-scene/N4kuW2Q/11.png,11,
"Eysturoy, Faroe Islands",https://flow-cdn.with.in/production/environment-scene/NkOy9Qw/109.png,109,checked
"Finnøya, Norway",https://flow-cdn.getsupernatural.com/production/environment-scene/NMoKsNA/178.png,178,
"Forgotten Pyramids, Meroë, Sudan",https://flow-cdn.with.in/production/environment-scene/NADtang/56.png,56,checked
"Funerary Complex of Djoser, Egypt",https://flow-cdn.with.in/production/environment-scene/NU3kxVw/111.png,111,checked
"Glen Torridon, Mars",https://flow-cdn.with.in/production/environment-scene/NxH.cww/51.png,51,checked
"Glencoe, Scotland",https://flow-cdn.with.in/production/environment-scene/N8aYZHQ/28.png,28,checked
"Golden Gate Highlands, South Africa",https://flow-cdn.with.in/production/environment-scene/N.N.JQQ/32.png,32,
"Great Pyramid Of Giza, Egypt",https://flow-cdn.with.in/production/environment-scene/NmpfVJw/82.png,82,checked
"Great Wall of China, China",https://flow-cdn.with.in/production/environment-scene/NPvl.2w/17.png,17,
"Gruta da Pratinha, Brazil",https://flow-cdn.getsupernatural.com/production/environment-scene/NruLSEg/173.png,173,
Hero's Gate,https://flow-cdn.with.in/production/environment-scene/NF68QIw/3.png,3,checked
"High Cup Nick, England",https://flow-cdn.with.in/production/environment-scene/NJHqbCg/30.png,30,
"Hverfjall Volcano Crater, Iceland",https://flow-cdn.with.in/production/environment-scene/N85n-JA/136.png,136,checked
"Iceberg, Greenland",https://flow-cdn.with.in/production/environment-scene/Nc1uUxw/13.png,13,checked
"Isabela Island, Galápagos",https://flow-cdn.with.in/production/environment-scene/N8fLQBQ/16.png,16,
"Isle of Skye, Scotland",https://flow-cdn.with.in/production/environment-scene/NSdzM-A/70.png,70,checked
"Jiuzhaigou Valley, China",https://flow-cdn.with.in/production/environment-scene/NZwEL6g/19.png,19,checked
"Jokulsarlon Glacier Lagoon, Iceland",https://flow-cdn.with.in/production/environment-scene/Ni0r56g/117.png,117,
"Julier Pass, Switzerland",https://flow-cdn.with.in/production/environment-scene/N.e9Gmw/80.png,80,checked
"Kulusuk, Greenland",https://flow-cdn.with.in/production/environment-scene/NSaOh0A/29.png,29,checked
"Lac de Peyrelade, Hautes-Pyrénées, France",https://flow-cdn.with.in/production/environment-scene/N9L650A/141.png,141,checked
"Lac Lérié, Plateau d'Emparis, France",https://flow-cdn.with.in/production/environment-scene/NzGNyOg/140.png,140,
"Laguna Santa Rosa, Nevado Tres Cruces National Park, Chile",https://flow-cdn.getsupernatural.com/production/environment-scene/N.4briQ/160.png,160,
"Laguna Torre, Santa Cruz Province, Argentina",https://flow-cdn.with.in/production/environment-scene/Nezw89Q/52.png,52,checked
"Lake Angelus, New Zealand",https://flow-cdn.with.in/production/environment-scene/NLBYqoQ/65.png,65,checked
"Lake Baikal Sunset, Russia",https://flow-cdn.with.in/production/environment-scene/NR.Y9Cw/14.png,14,checked
"Lake Baikal Sunset, Russia",https://flow-cdn.with.in/production/environment-scene/NWm.Nwg/76.png,76,checked
"Lake Bucura, Retezat Mountains, Romania",https://flow-cdn.with.in/production/environment-scene/NeQF5NA/86.png,86,checked
"Lake Kel Suu, Kyrgyzstan",https://flow-cdn.with.in/production/environment-scene/NHZARRQ/53.png,53,checked
"Lake Powell, Colorado River",https://flow-cdn.with.in/production/environment-scene/Nu4Q3vA/48.png,48,checked
"Lake Rotoiti, New Zealand",https://flow-cdn.with.in/production/environment-scene/NoWvy1w/99.png,99,checked
"Lencois Maranhenses, Brazil",https://flow-cdn.with.in/production/environment-scene/N7pNMbg/45.png,45,checked
"Loch Coruisk, Scotland",https://flow-cdn.with.in/production/environment-scene/NWKo9Xg/123.png,123,checked
"Loch Grannoch, Scotland",https://flow-cdn.with.in/production/environment-scene/N4jLxpA/124.png,124,checked
"Machu Picchu, Peru",https://flow-cdn.with.in/production/environment-scene/Ny1t1xQ/9.png,9,
"Mafia Island Marine Park, Tanzania",https://flow-cdn.getsupernatural.com/production/environment-scene/N39f7bw/179.png,179,
"Malyovishki Lakes, Bulgaria",https://flow-cdn.with.in/production/environment-scene/NENDb3A/113.png,113,checked
"Maroon Lake, Aspen, Colorado",https://flow-cdn.with.in/production/environment-scene/N9ENAKg/94.png,94,checked
"Matanuska Glacier, Alaska",https://flow-cdn.with.in/production/environment-scene/NYXTHug/71.png,71,checked
"Milford Sound, The South Island of New Zealand",https://flow-cdn.with.in/production/environment-scene/Nd5792g/92.png,92,checked
"Milford Sound, The South Island of New Zealand",https://flow-cdn.with.in/production/environment-scene/NRcVBdg/83.png,83,checked
"Mirror Lake, Wyoming",https://flow-cdn.with.in/production/environment-scene/NnqZBOg/43.png,43,checked
"Mirror Lake, Yosemite National Park, California",https://flow-cdn.with.in/production/environment-scene/NXkeswA/74.png,74,checked
"Mittelgipfel, Bernese Alps, Switzerland",https://flow-cdn.with.in/production/environment-scene/NOAeYDg/127.png,127,
"Monte Piana, Italy",https://flow-cdn.getsupernatural.com/production/environment-scene/N2KXc2Q/164.png,164,
"Monument Valley Navajo Tribal Park, Arizona",https://flow-cdn.with.in/production/environment-scene/NmI.vjQ/138.png,138,checked
Moon,https://flow-cdn.with.in/production/environment-scene/NbvA5hQ/157.png,157,
"Motu Rimatiai, Tetiaroa",https://flow-cdn.with.in/production/environment-scene/NUV8VbQ/73.png,73,checked
"Mount Ruapehu, New Zealand",https://flow-cdn.with.in/production/environment-scene/NtLkYOA/146.png,146,
"Mount Shuksan,  North Cascades National Park",https://flow-cdn.with.in/production/environment-scene/NRIY5hQ/90.png,90,
"Mural de la Prehistoria, Viñales, Cuba",https://flow-cdn.getsupernatural.com/production/environment-scene/Nu74TOg/167.png,167,
Nadja,https://flow-cdn.with.in/production/environment-scene/N9BHZCg/40.png,40,checked
"Namib Desert, Namibia",https://flow-cdn.with.in/production/environment-scene/N.0GIqw/20.png,20,
"New Caledonia, Pacific Ocean",https://flow-cdn.with.in/production/environment-scene/NVOpP8Q/67.png,67,checked
Noak,https://flow-cdn.getsupernatural.com/production/environment-scene/NESjSYA/163.png,163,
"Northern Arm, Lake Powell, Hite, Utah",https://flow-cdn.with.in/production/environment-scene/NI2fMCg/72.png,72,
"Nuorgam, Finland",https://flow-cdn.with.in/production/environment-scene/NbUhqlw/143.png,143,
"Orkhon Valley, Mongolia",https://flow-cdn.with.in/production/environment-scene/NOQzR8Q/97.png,97,checked
"Palisades Beach, Grand Canyon National Park, Arizona",https://flow-cdn.with.in/production/environment-scene/NZ2iAPg/112.png,112,checked
"Pamukkale, Turkey",https://flow-cdn.with.in/production/environment-scene/N4eETkA/24.png,24,
"Pamukkale, Turkey",https://flow-cdn.with.in/production/environment-scene/NYJnNUg/62.png,62,
"Path to Everest, Nepal, Himalayas",https://flow-cdn.with.in/production/environment-scene/NNEMkWw/55.png,55,checked
Periwinter,https://flow-cdn.with.in/production/environment-scene/NAjBjJw/158.png,158,
"Port Esportiu de Calafat, Spain",https://flow-cdn.with.in/production/environment-scene/Nj3w8bg/95.png,95,checked
"Racetrack Playa, Death Valley, California",https://flow-cdn.with.in/production/environment-scene/NMo7LzA/58.png,58,checked
"Raja Ampat Island, New Guinea",https://flow-cdn.with.in/production/environment-scene/Ny-Vjpw/5.png,5,checked
"Rio De Las Vueltas, Argentina",https://flow-cdn.getsupernatural.com/production/environment-scene/Nlyr0vg/161.png,161,
"Rongbuk Glacier, Mt. Everest, Tibet",https://flow-cdn.with.in/production/environment-scene/Nfuy8ww/46.png,46,checked
"Sahara Desert, Algeria",https://flow-cdn.with.in/production/environment-scene/NOk-U5Q/34.png,34,checked
"Salar de Uyuni, Bolivia",https://flow-cdn.with.in/production/environment-scene/NaeMnIA/47.png,47,checked
"Sennesvik, Norway",https://flow-cdn.with.in/production/environment-scene/NNpIAxQ/102.png,102,checked
"Shotover River, Queenstown, New Zealand",https://flow-cdn.with.in/production/environment-scene/N3nAjDg/118.png,118,checked
"Skaftafell Glacier, Iceland",https://flow-cdn.with.in/production/environment-scene/NNRJabQ/37.png,37,checked
"Snæfellsjökull Volcano, Iceland",https://flow-cdn.with.in/production/environment-scene/NyCEQow/35.png,35,checked
"Sonora Peak, California",https://flow-cdn.with.in/production/environment-scene/NmMPb8w/105.png,105,
Spheria,https://flow-cdn.with.in/production/environment-scene/NKeE3Gg/26.png,26,checked
"Taft Point, Yosemite National Park, California",https://flow-cdn.with.in/production/environment-scene/NxBe2yg/156.png,156,
"Tang Mud Volcano, Iran",https://flow-cdn.with.in/production/environment-scene/NiPeqmg/104.png,104,checked
"Tengger Caldera Volcano, Indonesia",https://flow-cdn.with.in/production/environment-scene/NxlRAKA/79.png,79,checked
"The Dolomites, Italy",https://flow-cdn.with.in/production/environment-scene/N-Wqz1g/87.png,87,checked
"The Lut Desert, Iran",https://flow-cdn.with.in/production/environment-scene/NjGjqCA/89.png,89,checked
"The Monastery Ad Deir, Petra",https://flow-cdn.with.in/production/environment-scene/Nd5pLHQ/84.png,84,checked
The Moon,https://flow-cdn.with.in/production/environment-scene/NDX7CFQ/110.png,110,checked
"The Temple of Horus at Edfu, Egypt",https://flow-cdn.with.in/production/environment-scene/NLPT7Hw/108.png,108,checked
"Thorsmork, South Highlands of Iceland",https://flow-cdn.with.in/production/environment-scene/N8OMT5A/75.png,75,checked
"Todra Gorge, Morocco",https://flow-cdn.getsupernatural.com/production/environment-scene/NUcusGA/162.png,162,
"Tom Dick & Harry Mountain, Oregon",https://flow-cdn.with.in/production/environment-scene/NdvE6ZA/44.png,44,
"Ursa Beach, Portugal",https://flow-cdn.with.in/production/environment-scene/NeqmqBA/101.png,101,checked
"Uzon Caldera, Russia",https://flow-cdn.with.in/production/environment-scene/N45RuLw/36.png,36,checked
"Uzon Caldera, Russia",https://flow-cdn.with.in/production/environment-scene/N9dH6oQ/63.png,63,checked
"Uzon Caldera, Russia",https://flow-cdn.with.in/production/environment-scene/NRUmK7A/88.png,88,checked
"Vabbinfaru Island, North Malé Atoll, Republic of Maldives",https://flow-cdn.with.in/production/environment-scene/NyBlJtQ/59.png,59,checked
"Varlaam Monastery, Meteora, Greece",https://flow-cdn.with.in/production/environment-scene/NlhvrbA/68.png,68,
"Vasquez Rocks Natural Area Park, California",https://flow-cdn.with.in/production/environment-scene/N0jIoyA/135.png,135,
"Vestrahorn, Iceland",https://flow-cdn.with.in/production/environment-scene/N141GNQ/38.png,38,checked
"Vinicunca, Peru (Rainbow Mountain)",https://flow-cdn.with.in/production/environment-scene/NiIguGw/107.png,107,checked
"Wadi Rum, Jordan",https://flow-cdn.with.in/production/environment-scene/N3kWDRA/91.png,91,checked
"Warren Canyon, Utah",https://flow-cdn.with.in/production/environment-scene/NuFARqw/6.png,6,
"Wedgemount Lake, British Columbia, Canada",https://flow-cdn.with.in/production/environment-scene/NjJ3fqQ/115.png,115,checked
"Wharariki Beach, Nelson, New Zealand",https://flow-cdn.with.in/production/environment-scene/NuYM2VQ/60.png,60,checked
"White Desert National Park (Sahara el Beyda), Egypt",https://flow-cdn.with.in/production/environment-scene/NFSEy6A/145.png,145,
"White Sands, New Mexico",https://flow-cdn.with.in/production/environment-scene/N3kJEag/49.png,49,checked
"White Sands, New Mexico",https://flow-cdn.with.in/production/environment-scene/NuvvErg/69.png,69,checked
"Xe Bang Fai River, Laos",https://flow-cdn.with.in/production/environment-scene/NVuPQxQ/64.png,64,checked
"Yenkit Beach, Oman",https://flow-cdn.getsupernatural.com/production/environment-scene/NqVBy9g/180.png,180,
"Ytresand Beach, Norway",https://flow-cdn.with.in/production/environment-scene/N898R-Q/93.png,93,checked
"Yuanyang Rice Terraces, China",https://flow-cdn.with.in/production/environment-scene/N5SBNAQ/27.png,27,
